target_true,target_false,other
749.7610174804591,1000.7415583789186,265.96412665370246
