target_true,target_false,other
757.7963666667539,1016.4710194261976,273.5556006859788
