target_true,target_false,other
771.4926549661161,1012.4351419556053,250.47687850711225
