target_true,target_false,other
774.688969845318,985.1539642783423,221.31124387763643
