target_true,target_false,other
750.6385614928132,992.4856002313921,253.28294455016115
