target_true,target_false,other
766.6408872477386,999.8754505770539,250.6318681519438
