target_true,target_false,other
771.4924929425215,1022.2886089554163,269.2124316099339
