target_true,target_false,other
763.5509151327108,982.6401511574146,234.3693665989649
