target_true,target_false,other
785.3213779508785,998.3701718300682,233.3595223398151
