target_true,target_false,other
787.3741169228259,1002.6076002105709,227.32062525575338
